Text,Summarize
Memastikan tekanan angin ban mobil tetap sesuai standar pabrikan adalah langkah penting untuk menjaga keamanan dan efisiensi bahan bakar kendaraan.,Tekanan angin ban penting untuk efisiensi dan keamanan.
"Perawatan rutin pada mesin kendaraan, seperti penggantian oli secara berkala, dapat memperpanjang usia mesin sekaligus mengurangi risiko kerusakan.",Perawatan mesin rutin memperpanjang usia kendaraan.
"Salah satu acara otomotif terbesar di dunia, Geneva International Motor Show, menghadirkan inovasi terbaru dari berbagai pabrikan kendaraan.",Geneva Motor Show menghadirkan inovasi otomotif.
Penggunaan bahan bakar dengan oktan yang sesuai rekomendasi pabrikan akan meningkatkan performa mesin kendaraan dan mengurangi emisi gas buang.,Oktan bahan bakar sesuai meningkatkan performa mesin.
"Teknologi self-driving cars kini terus berkembang, menawarkan pengalaman berkendara yang lebih aman dan nyaman di masa depan.",Mobil self-driving menawarkan keamanan masa depan.
Event balapan Formula E menunjukkan potensi kendaraan listrik dalam mengurangi ketergantungan pada bahan bakar fosil.,Formula E menunjukkan potensi mobil listrik.
Membersihkan filter udara kendaraan secara berkala dapat meningkatkan efisiensi bahan bakar dan kinerja mesin.,Membersihkan filter udara meningkatkan efisiensi mesin.
Pameran otomotif seperti Tokyo Motor Show menjadi ajang bagi produsen untuk memamerkan konsep kendaraan masa depan.,Tokyo Motor Show menampilkan konsep mobil baru.
"Memeriksa kondisi rem secara rutin adalah langkah penting untuk menjaga keselamatan berkendara, terutama saat musim hujan.",Cek rem penting untuk keselamatan di musim hujan.
Penggunaan teknologi hybrid pada kendaraan modern membantu menekan konsumsi bahan bakar dan emisi karbon.,Teknologi hybrid mengurangi emisi karbon kendaraan.
"Tips memilih mobil bekas yang berkualitas meliputi pengecekan riwayat servis, kondisi mesin, dan dokumen kendaraan.","Tips mobil bekas: cek servis, mesin, dan dokumen."
"Inovasi dalam teknologi baterai kendaraan listrik terus berkembang, membuat jangkauan kendaraan listrik menjadi lebih jauh.",Teknologi baterai baru memperluas jangkauan mobil listrik.
Merawat cat mobil dengan waxing secara rutin dapat melindungi permukaan dari sinar UV dan debu.,Waxing rutin melindungi cat mobil dari kerusakan.
Balapan MotoGP menjadi ajang adu kecepatan dan teknologi dari berbagai tim manufaktur ternama dunia.,MotoGP ajang teknologi dan kecepatan motor dunia.
Menggunakan pendingin kabin secara efisien dapat mengurangi beban kerja mesin dan konsumsi bahan bakar.,AC efisien mengurangi konsumsi bahan bakar mobil.
Program diskon spare part di bengkel resmi memberikan kemudahan bagi konsumen untuk merawat kendaraan mereka.,Diskon bengkel mempermudah perawatan kendaraan.
Kendaraan listrik dengan fitur fast charging menjadi solusi bagi pengguna yang memiliki mobilitas tinggi.,Fast charging cocok untuk mobilitas tinggi pengguna.
Memilih ban yang sesuai dengan kebutuhan dan medan jalan dapat meningkatkan kenyamanan serta keamanan berkendara.,Pilih ban sesuai medan untuk keamanan berkendara.
Teknologi infotainment pada mobil modern kini dilengkapi dengan fitur konektivitas seperti Apple CarPlay dan Android Auto.,Mobil modern dilengkapi fitur konektivitas canggih.
Event otomotif lokal seperti pameran modifikasi mobil sering kali menjadi ajang kreativitas bagi para pecinta otomotif.,Event modifikasi mobil memamerkan kreativitas lokal.
Memastikan tekanan angin ban mobil tetap sesuai standar pabrikan adalah langkah penting untuk menjaga keamanan dan efisiensi bahan bakar kendaraan.,Tekanan angin ban penting untuk efisiensi dan keamanan.
"Perawatan rutin pada mesin kendaraan, seperti penggantian oli secara berkala, dapat memperpanjang usia mesin sekaligus mengurangi risiko kerusakan.",Perawatan mesin rutin memperpanjang usia kendaraan.
"Salah satu acara otomotif terbesar di dunia, Geneva International Motor Show, menghadirkan inovasi terbaru dari berbagai pabrikan kendaraan.",Geneva Motor Show menghadirkan inovasi otomotif.
Penggunaan bahan bakar dengan oktan yang sesuai rekomendasi pabrikan akan meningkatkan performa mesin kendaraan dan mengurangi emisi gas buang.,Oktan bahan bakar sesuai meningkatkan performa mesin.
"Teknologi self-driving cars kini terus berkembang, menawarkan pengalaman berkendara yang lebih aman dan nyaman di masa depan.",Mobil self-driving menawarkan keamanan masa depan.
Event balapan Formula E menunjukkan potensi kendaraan listrik dalam mengurangi ketergantungan pada bahan bakar fosil.,Formula E menunjukkan potensi mobil listrik.
Membersihkan filter udara kendaraan secara berkala dapat meningkatkan efisiensi bahan bakar dan kinerja mesin.,Membersihkan filter udara meningkatkan efisiensi mesin.
Pameran otomotif seperti Tokyo Motor Show menjadi ajang bagi produsen untuk memamerkan konsep kendaraan masa depan.,Tokyo Motor Show menampilkan konsep mobil baru.
"Memeriksa kondisi rem secara rutin adalah langkah penting untuk menjaga keselamatan berkendara, terutama saat musim hujan.",Cek rem penting untuk keselamatan di musim hujan.
Penggunaan teknologi hybrid pada kendaraan modern membantu menekan konsumsi bahan bakar dan emisi karbon.,Teknologi hybrid mengurangi emisi karbon kendaraan.
"Tips memilih mobil bekas yang berkualitas meliputi pengecekan riwayat servis, kondisi mesin, dan dokumen kendaraan.","Tips mobil bekas: cek servis, mesin, dan dokumen."
"Inovasi dalam teknologi baterai kendaraan listrik terus berkembang, membuat jangkauan kendaraan listrik menjadi lebih jauh.",Teknologi baterai baru memperluas jangkauan mobil listrik.
Merawat cat mobil dengan waxing secara rutin dapat melindungi permukaan dari sinar UV dan debu.,Waxing rutin melindungi cat mobil dari kerusakan.
Balapan MotoGP menjadi ajang adu kecepatan dan teknologi dari berbagai tim manufaktur ternama dunia.,MotoGP ajang teknologi dan kecepatan motor dunia.
Menggunakan pendingin kabin secara efisien dapat mengurangi beban kerja mesin dan konsumsi bahan bakar.,AC efisien mengurangi konsumsi bahan bakar mobil.
Program diskon spare part di bengkel resmi memberikan kemudahan bagi konsumen untuk merawat kendaraan mereka.,Diskon bengkel mempermudah perawatan kendaraan.
Kendaraan listrik dengan fitur fast charging menjadi solusi bagi pengguna yang memiliki mobilitas tinggi.,Fast charging cocok untuk mobilitas tinggi pengguna.
Memilih ban yang sesuai dengan kebutuhan dan medan jalan dapat meningkatkan kenyamanan serta keamanan berkendara.,Pilih ban sesuai medan untuk keamanan berkendara.
Teknologi infotainment pada mobil modern kini dilengkapi dengan fitur konektivitas seperti Apple CarPlay dan Android Auto.,Mobil modern dilengkapi fitur konektivitas canggih.
Event otomotif lokal seperti pameran modifikasi mobil sering kali menjadi ajang kreativitas bagi para pecinta otomotif.,Event modifikasi mobil memamerkan kreativitas lokal.
Memastikan tekanan angin ban mobil tetap sesuai standar pabrikan adalah langkah penting untuk menjaga keamanan dan efisiensi bahan bakar kendaraan.,Tekanan angin ban penting untuk efisiensi dan keamanan.
"Perawatan rutin pada mesin kendaraan, seperti penggantian oli secara berkala, dapat memperpanjang usia mesin sekaligus mengurangi risiko kerusakan.",Perawatan mesin rutin memperpanjang usia kendaraan.
"Salah satu acara otomotif terbesar di dunia, Geneva International Motor Show, menghadirkan inovasi terbaru dari berbagai pabrikan kendaraan.",Geneva Motor Show menghadirkan inovasi otomotif.
Penggunaan bahan bakar dengan oktan yang sesuai rekomendasi pabrikan akan meningkatkan performa mesin kendaraan dan mengurangi emisi gas buang.,Oktan bahan bakar sesuai meningkatkan performa mesin.
"Teknologi self-driving cars kini terus berkembang, menawarkan pengalaman berkendara yang lebih aman dan nyaman di masa depan.",Mobil self-driving menawarkan keamanan masa depan.
Event balapan Formula E menunjukkan potensi kendaraan listrik dalam mengurangi ketergantungan pada bahan bakar fosil.,Formula E menunjukkan potensi mobil listrik.
Membersihkan filter udara kendaraan secara berkala dapat meningkatkan efisiensi bahan bakar dan kinerja mesin.,Membersihkan filter udara meningkatkan efisiensi mesin.
Pameran otomotif seperti Tokyo Motor Show menjadi ajang bagi produsen untuk memamerkan konsep kendaraan masa depan.,Tokyo Motor Show menampilkan konsep mobil baru.
"Memeriksa kondisi rem secara rutin adalah langkah penting untuk menjaga keselamatan berkendara, terutama saat musim hujan.",Cek rem penting untuk keselamatan di musim hujan.
Penggunaan teknologi hybrid pada kendaraan modern membantu menekan konsumsi bahan bakar dan emisi karbon.,Teknologi hybrid mengurangi emisi karbon kendaraan.
"Tips memilih mobil bekas yang berkualitas meliputi pengecekan riwayat servis, kondisi mesin, dan dokumen kendaraan.","Tips mobil bekas: cek servis, mesin, dan dokumen."
"Inovasi dalam teknologi baterai kendaraan listrik terus berkembang, membuat jangkauan kendaraan listrik menjadi lebih jauh.",Teknologi baterai baru memperluas jangkauan mobil listrik.
Merawat cat mobil dengan waxing secara rutin dapat melindungi permukaan dari sinar UV dan debu.,Waxing rutin melindungi cat mobil dari kerusakan.
Balapan MotoGP menjadi ajang adu kecepatan dan teknologi dari berbagai tim manufaktur ternama dunia.,MotoGP ajang teknologi dan kecepatan motor dunia.
Menggunakan pendingin kabin secara efisien dapat mengurangi beban kerja mesin dan konsumsi bahan bakar.,AC efisien mengurangi konsumsi bahan bakar mobil.
Program diskon spare part di bengkel resmi memberikan kemudahan bagi konsumen untuk merawat kendaraan mereka.,Diskon bengkel mempermudah perawatan kendaraan.
Kendaraan listrik dengan fitur fast charging menjadi solusi bagi pengguna yang memiliki mobilitas tinggi.,Fast charging cocok untuk mobilitas tinggi pengguna.
Memilih ban yang sesuai dengan kebutuhan dan medan jalan dapat meningkatkan kenyamanan serta keamanan berkendara.,Pilih ban sesuai medan untuk keamanan berkendara.
Teknologi infotainment pada mobil modern kini dilengkapi dengan fitur konektivitas seperti Apple CarPlay dan Android Auto.,Mobil modern dilengkapi fitur konektivitas canggih.
Event otomotif lokal seperti pameran modifikasi mobil sering kali menjadi ajang kreativitas bagi para pecinta otomotif.,Event modifikasi mobil memamerkan kreativitas lokal.
Memastikan tekanan angin ban mobil tetap sesuai standar pabrikan adalah langkah penting untuk menjaga keamanan dan efisiensi bahan bakar kendaraan.,Tekanan angin ban penting untuk efisiensi dan keamanan.
"Perawatan rutin pada mesin kendaraan, seperti penggantian oli secara berkala, dapat memperpanjang usia mesin sekaligus mengurangi risiko kerusakan.",Perawatan mesin rutin memperpanjang usia kendaraan.
"Salah satu acara otomotif terbesar di dunia, Geneva International Motor Show, menghadirkan inovasi terbaru dari berbagai pabrikan kendaraan.",Geneva Motor Show menghadirkan inovasi otomotif.
Penggunaan bahan bakar dengan oktan yang sesuai rekomendasi pabrikan akan meningkatkan performa mesin kendaraan dan mengurangi emisi gas buang.,Oktan bahan bakar sesuai meningkatkan performa mesin.
"Teknologi self-driving cars kini terus berkembang, menawarkan pengalaman berkendara yang lebih aman dan nyaman di masa depan.",Mobil self-driving menawarkan keamanan masa depan.
Event balapan Formula E menunjukkan potensi kendaraan listrik dalam mengurangi ketergantungan pada bahan bakar fosil.,Formula E menunjukkan potensi mobil listrik.
Membersihkan filter udara kendaraan secara berkala dapat meningkatkan efisiensi bahan bakar dan kinerja mesin.,Membersihkan filter udara meningkatkan efisiensi mesin.
Pameran otomotif seperti Tokyo Motor Show menjadi ajang bagi produsen untuk memamerkan konsep kendaraan masa depan.,Tokyo Motor Show menampilkan konsep mobil baru.
"Memeriksa kondisi rem secara rutin adalah langkah penting untuk menjaga keselamatan berkendara, terutama saat musim hujan.",Cek rem penting untuk keselamatan di musim hujan.
Penggunaan teknologi hybrid pada kendaraan modern membantu menekan konsumsi bahan bakar dan emisi karbon.,Teknologi hybrid mengurangi emisi karbon kendaraan.
"Tips memilih mobil bekas yang berkualitas meliputi pengecekan riwayat servis, kondisi mesin, dan dokumen kendaraan.","Tips mobil bekas: cek servis, mesin, dan dokumen."
"Inovasi dalam teknologi baterai kendaraan listrik terus berkembang, membuat jangkauan kendaraan listrik menjadi lebih jauh.",Teknologi baterai baru memperluas jangkauan mobil listrik.
Merawat cat mobil dengan waxing secara rutin dapat melindungi permukaan dari sinar UV dan debu.,Waxing rutin melindungi cat mobil dari kerusakan.
Balapan MotoGP menjadi ajang adu kecepatan dan teknologi dari berbagai tim manufaktur ternama dunia.,MotoGP ajang teknologi dan kecepatan motor dunia.
Menggunakan pendingin kabin secara efisien dapat mengurangi beban kerja mesin dan konsumsi bahan bakar.,AC efisien mengurangi konsumsi bahan bakar mobil.
Program diskon spare part di bengkel resmi memberikan kemudahan bagi konsumen untuk merawat kendaraan mereka.,Diskon bengkel mempermudah perawatan kendaraan.
Kendaraan listrik dengan fitur fast charging menjadi solusi bagi pengguna yang memiliki mobilitas tinggi.,Fast charging cocok untuk mobilitas tinggi pengguna.
Memilih ban yang sesuai dengan kebutuhan dan medan jalan dapat meningkatkan kenyamanan serta keamanan berkendara.,Pilih ban sesuai medan untuk keamanan berkendara.
Teknologi infotainment pada mobil modern kini dilengkapi dengan fitur konektivitas seperti Apple CarPlay dan Android Auto.,Mobil modern dilengkapi fitur konektivitas canggih.
Event otomotif lokal seperti pameran modifikasi mobil sering kali menjadi ajang kreativitas bagi para pecinta otomotif.,Event modifikasi mobil memamerkan kreativitas lokal.
Memastikan tekanan angin ban mobil tetap sesuai standar pabrikan adalah langkah penting untuk menjaga keamanan dan efisiensi bahan bakar kendaraan.,Tekanan angin ban penting untuk efisiensi dan keamanan.
"Perawatan rutin pada mesin kendaraan, seperti penggantian oli secara berkala, dapat memperpanjang usia mesin sekaligus mengurangi risiko kerusakan.",Perawatan mesin rutin memperpanjang usia kendaraan.
"Salah satu acara otomotif terbesar di dunia, Geneva International Motor Show, menghadirkan inovasi terbaru dari berbagai pabrikan kendaraan.",Geneva Motor Show menghadirkan inovasi otomotif.
Penggunaan bahan bakar dengan oktan yang sesuai rekomendasi pabrikan akan meningkatkan performa mesin kendaraan dan mengurangi emisi gas buang.,Oktan bahan bakar sesuai meningkatkan performa mesin.
"Teknologi self-driving cars kini terus berkembang, menawarkan pengalaman berkendara yang lebih aman dan nyaman di masa depan.",Mobil self-driving menawarkan keamanan masa depan.
Event balapan Formula E menunjukkan potensi kendaraan listrik dalam mengurangi ketergantungan pada bahan bakar fosil.,Formula E menunjukkan potensi mobil listrik.
Membersihkan filter udara kendaraan secara berkala dapat meningkatkan efisiensi bahan bakar dan kinerja mesin.,Membersihkan filter udara meningkatkan efisiensi mesin.
Pameran otomotif seperti Tokyo Motor Show menjadi ajang bagi produsen untuk memamerkan konsep kendaraan masa depan.,Tokyo Motor Show menampilkan konsep mobil baru.
"Memeriksa kondisi rem secara rutin adalah langkah penting untuk menjaga keselamatan berkendara, terutama saat musim hujan.",Cek rem penting untuk keselamatan di musim hujan.
Penggunaan teknologi hybrid pada kendaraan modern membantu menekan konsumsi bahan bakar dan emisi karbon.,Teknologi hybrid mengurangi emisi karbon kendaraan.
"Tips memilih mobil bekas yang berkualitas meliputi pengecekan riwayat servis, kondisi mesin, dan dokumen kendaraan.","Tips mobil bekas: cek servis, mesin, dan dokumen."
"Inovasi dalam teknologi baterai kendaraan listrik terus berkembang, membuat jangkauan kendaraan listrik menjadi lebih jauh.",Teknologi baterai baru memperluas jangkauan mobil listrik.
Merawat cat mobil dengan waxing secara rutin dapat melindungi permukaan dari sinar UV dan debu.,Waxing rutin melindungi cat mobil dari kerusakan.
Balapan MotoGP menjadi ajang adu kecepatan dan teknologi dari berbagai tim manufaktur ternama dunia.,MotoGP ajang teknologi dan kecepatan motor dunia.
Menggunakan pendingin kabin secara efisien dapat mengurangi beban kerja mesin dan konsumsi bahan bakar.,AC efisien mengurangi konsumsi bahan bakar mobil.
Program diskon spare part di bengkel resmi memberikan kemudahan bagi konsumen untuk merawat kendaraan mereka.,Diskon bengkel mempermudah perawatan kendaraan.
Kendaraan listrik dengan fitur fast charging menjadi solusi bagi pengguna yang memiliki mobilitas tinggi.,Fast charging cocok untuk mobilitas tinggi pengguna.
Memilih ban yang sesuai dengan kebutuhan dan medan jalan dapat meningkatkan kenyamanan serta keamanan berkendara.,Pilih ban sesuai medan untuk keamanan berkendara.
Teknologi infotainment pada mobil modern kini dilengkapi dengan fitur konektivitas seperti Apple CarPlay dan Android Auto.,Mobil modern dilengkapi fitur konektivitas canggih.
Event otomotif lokal seperti pameran modifikasi mobil sering kali menjadi ajang kreativitas bagi para pecinta otomotif.,Event modifikasi mobil memamerkan kreativitas lokal.
